N,ARRAYavg,BSTavg,HASHavg
1,1e-06,3e-06,1e-06
2,2e-06,1.15e-05,1.5e-06
3,2.33333e-06,8.66667e-06,1.33333e-06
4,2.25e-06,7.25e-06,1.25e-06
5,2e-06,6e-06,1.2e-06
6,1.83333e-06,5.33333e-06,1.16667e-06
7,1.71429e-06,4.71429e-06,1.14286e-06
8,1.625e-06,4.25e-06,1e-06
9,1.55556e-06,3.88889e-06,1e-06
10,1.6e-06,3.6e-06,1e-06
11,1.54545e-06,3.36364e-06,1e-06
12,1.5e-06,3.16667e-06,9.16667e-07
13,1.46154e-06,3.53846e-06,8.46154e-07
14,1.35714e-06,3.35714e-06,8.57143e-07
15,1.33333e-06,3.2e-06,8e-07
16,1.3125e-06,3.0625e-06,8.125e-07
17,1.29412e-06,2.94118e-06,7.64706e-07
18,1.33333e-06,2.88889e-06,7.77778e-07
19,1.31579e-06,2.78947e-06,7.89474e-07
20,1.3e-06,2.65e-06,8e-07
21,1.28571e-06,2.57143e-06,7.61905e-07
22,1.27273e-06,2.5e-06,7.72727e-07
23,1.26087e-06,2.43478e-06,7.3913e-07
24,1.25e-06,2.375e-06,7.5e-07
25,1.24e-06,2.32e-06,7.2e-07
26,1.23077e-06,2.26923e-06,7.30769e-07
27,1.22222e-06,2.22222e-06,7.03704e-07
28,1.21429e-06,2.14286e-06,6.78571e-07
29,1.2069e-06,2.10345e-06,6.89655e-07
30,1.2e-06,2.06667e-06,6.66667e-07
31,1.19355e-06,2e-06,6.77419e-07
32,1.1875e-06,1.96875e-06,6.5625e-07
33,1.21212e-06,1.93939e-06,6.66667e-07
34,1.67647e-06,2.32353e-06,6.76471e-07
35,1.65714e-06,2.28571e-06,6.57143e-07
36,1.63889e-06,2.25e-06,6.66667e-07
37,1.62162e-06,2.18919e-06,6.48649e-07
38,1.63158e-06,2.15789e-06,6.57895e-07
39,1.61538e-06,2.12821e-06,6.41026e-07
40,1.6e-06,2.1e-06,6.5e-07
41,1.58537e-06,2.07317e-06,6.34146e-07
42,1.59524e-06,2.02381e-06,6.42857e-07
43,1.5814e-06,2e-06,6.27907e-07
44,1.56818e-06,1.97727e-06,6.36364e-07
45,1.55556e-06,1.95556e-06,6.22222e-07
46,1.56522e-06,1.91304e-06,6.30435e-07
47,1.55319e-06,1.89362e-06,6.17021e-07
48,1.54167e-06,1.875e-06,6.04167e-07
49,1.55102e-06,1.83673e-06,6.12245e-07
50,1.54e-06,1.82e-06,6e-07
51,1.52941e-06,1.80392e-06,6.07843e-07
52,1.53846e-06,1.76923e-06,5.96154e-07
53,1.5283e-06,1.75472e-06,6.03774e-07
54,1.51852e-06,1.74074e-06,5.92593e-07
55,1.52727e-06,1.72727e-06,6e-07
56,1.51786e-06,1.71429e-06,5.89286e-07
57,1.52632e-06,1.68421e-06,5.78947e-07
58,1.51724e-06,1.67241e-06,5.86207e-07
59,1.52542e-06,1.66102e-06,5.76271e-07
60,1.51667e-06,1.63333e-06,5.83333e-07
61,1.52459e-06,1.62295e-06,5.7377e-07
62,1.51613e-06,1.59677e-06,5.80645e-07
63,1.52381e-06,1.5873e-06,5.71429e-07
64,1.51562e-06,1.57813e-06,5.78125e-07
65,1.52308e-06,1.56923e-06,5.69231e-07
66,1.5303e-06,1.56061e-06,5.75758e-07
67,1.53731e-06,1.55224e-06,5.8209e-07
68,1.54412e-06,1.52941e-06,5.73529e-07
69,1.53623e-06,1.52174e-06,5.7971e-07
70,1.54286e-06,1.51429e-06,5.71429e-07
71,1.5493e-06,1.49296e-06,5.6338e-07
72,1.54167e-06,1.48611e-06,5.69444e-07
73,1.54795e-06,1.47945e-06,5.61644e-07
74,1.55405e-06,1.45946e-06,5.67568e-07
75,1.56e-06,1.45333e-06,5.6e-07
76,1.55263e-06,1.44737e-06,5.65789e-07
77,1.55844e-06,1.42857e-06,5.58442e-07
78,1.5641e-06,1.42308e-06,5.64103e-07
79,1.56962e-06,1.40506e-06,5.56962e-07
80,1.5625e-06,1.4e-06,5.625e-07
81,1.5679e-06,1.39506e-06,5.55556e-07
82,1.57317e-06,1.39024e-06,5.60976e-07
83,1.57831e-06,1.37349e-06,5.54217e-07
84,1.58333e-06,1.36905e-06,5.47619e-07
85,1.58824e-06,1.36471e-06,5.52941e-07
86,1.5814e-06,1.34884e-06,5.46512e-07
87,1.58621e-06,1.34483e-06,5.51724e-07
88,1.59091e-06,1.32955e-06,5.45455e-07
89,1.59551e-06,1.33708e-06,5.50562e-07
90,1.6e-06,1.32222e-06,5.44444e-07
91,1.6044e-06,1.31868e-06,5.49451e-07
92,1.6087e-06,1.31522e-06,5.43478e-07
93,1.6129e-06,1.30108e-06,5.48387e-07
94,1.61702e-06,1.29787e-06,5.42553e-07
95,1.62105e-06,1.28421e-06,5.36842e-07
96,1.625e-06,1.28125e-06,5.41667e-07
97,1.62887e-06,1.27835e-06,5.36082e-07
98,1.62245e-06,1.26531e-06,5.40816e-07
99,1.62626e-06,1.26263e-06,5.35354e-07
100,1.63e-06,1.25e-06,5.4e-07
101,1.63366e-06,1.24752e-06,5.34653e-07
102,1.63725e-06,1.2451e-06,5.39216e-07
103,1.64078e-06,1.23301e-06,5.33981e-07
104,1.64423e-06,1.23077e-06,5.38462e-07
105,1.64762e-06,1.21905e-06,5.33333e-07
106,1.65094e-06,1.21698e-06,5.28302e-07
107,1.66355e-06,1.21495e-06,5.3271e-07
108,1.66667e-06,1.21296e-06,5.27778e-07
109,1.66972e-06,1.20183e-06,5.3211e-07
110,1.68182e-06,1.2e-06,5.27273e-07
111,1.68468e-06,1.18919e-06,5.31532e-07
112,1.6875e-06,1.1875e-06,5.26786e-07
113,1.69912e-06,1.18584e-06,5.30973e-07
114,1.70175e-06,1.17544e-06,5.26316e-07
115,1.70435e-06,1.17391e-06,5.30435e-07
116,1.71552e-06,1.17241e-06,5.25862e-07
117,1.71795e-06,1.16239e-06,5.21368e-07
118,1.72881e-06,1.16102e-06,5.25424e-07
119,1.73109e-06,1.15126e-06,5.21008e-07
120,1.74167e-06,1.15e-06,5.25e-07
121,1.7438e-06,1.14876e-06,5.20661e-07
122,1.7541e-06,1.13934e-06,5.2459e-07
123,1.7561e-06,1.13821e-06,5.20325e-07
124,1.76613e-06,1.12903e-06,5.16129e-07
125,1.768e-06,1.128e-06,5.2e-07
126,1.77778e-06,1.12698e-06,5.15873e-07
127,1.77953e-06,1.11811e-06,5.19685e-07
128,1.78906e-06,1.11719e-06,5.15625e-07
129,1.7907e-06,1.11628e-06,5.1938e-07
130,1.86923e-06,1.14615e-06,5.23077e-07
131,1.87786e-06,1.1374e-06,5.19084e-07
132,1.87879e-06,1.13636e-06,5.22727e-07
133,1.88722e-06,1.13534e-06,5.18797e-07
134,1.89552e-06,1.12687e-06,5.22388e-07
135,1.9037e-06,1.12593e-06,5.18519e-07
136,1.91176e-06,1.11765e-06,5.22059e-07
137,1.91241e-06,1.11679e-06,5.18248e-07
138,1.92029e-06,1.11594e-06,5.14493e-07
139,1.92806e-06,1.10791e-06,5.17986e-07
140,1.92857e-06,1.10714e-06,5.14286e-07
141,1.93617e-06,1.09929e-06,5.1773e-07
142,1.94366e-06,1.09859e-06,5.14085e-07
143,1.94406e-06,1.0979e-06,5.17483e-07
144,1.95139e-06,1.09028e-06,5.13889e-07
145,1.95862e-06,1.08966e-06,5.10345e-07
146,1.9589e-06,1.08219e-06,5.13699e-07
147,1.96599e-06,1.08163e-06,5.10204e-07
148,1.97297e-06,1.08108e-06,5.13514e-07
149,1.97315e-06,1.07383e-06,5.10067e-07
150,1.98e-06,1.07333e-06,5.13333e-07
151,1.98675e-06,1.06623e-06,5.09934e-07
152,1.99342e-06,1.06579e-06,5.13158e-07
153,2e-06,1.06536e-06,5.09804e-07
154,2e-06,1.05844e-06,5.06494e-07
155,2.00645e-06,1.05806e-06,5.09677e-07
156,2.01282e-06,1.05769e-06,5.0641e-07
157,2.01911e-06,1.05096e-06,5.09554e-07
158,2.02532e-06,1.05063e-06,5.06329e-07
159,2.02516e-06,1.04403e-06,5.09434e-07
160,2.03125e-06,1.04375e-06,5.0625e-07
161,2.03727e-06,1.04348e-06,5.03106e-07
162,2.04321e-06,1.03704e-06,5.06173e-07
163,2.04294e-06,1.03681e-06,5.03067e-07
164,2.04878e-06,1.03659e-06,5.06098e-07
165,2.06061e-06,1.0303e-06,5.0303e-07
166,2.06024e-06,1.03012e-06,5.06024e-07
167,2.06587e-06,1.02395e-06,5.02994e-07
168,2.07143e-06,1.02381e-06,5e-07
169,2.07692e-06,1.02367e-06,5.02959e-07
170,2.08235e-06,1.01765e-06,5e-07
171,2.08772e-06,1.01754e-06,5.02924e-07
172,2.08721e-06,1.01163e-06,5e-07
173,2.09249e-06,1.01156e-06,5.0289e-07
174,2.0977e-06,1.01149e-06,5e-07
175,2.10286e-06,1.00571e-06,4.97143e-07
176,2.10795e-06,1.00568e-06,5e-07
177,2.11299e-06,1e-06,4.97175e-07
178,2.11236e-06,1e-06,5e-07
179,2.11732e-06,9.94413e-07,4.97207e-07
180,2.12222e-06,9.94444e-07,5e-07
181,2.12707e-06,9.94475e-07,4.97238e-07
182,2.13187e-06,9.89011e-07,4.94505e-07
183,2.13661e-06,9.89071e-07,4.97268e-07
184,2.1413e-06,9.8913e-07,4.94565e-07
185,2.14595e-06,9.83784e-07,4.97297e-07
186,2.15591e-06,9.83871e-07,4.94624e-07
187,2.16043e-06,9.7861e-07,4.97326e-07
188,2.16489e-06,9.78723e-07,4.94681e-07
189,2.16931e-06,9.73545e-07,4.92063e-07
190,2.17368e-06,9.73684e-07,4.94737e-07
191,2.18325e-06,9.73822e-07,4.92147e-07
192,2.1875e-06,9.6875e-07,4.94792e-07
193,2.19171e-06,9.68912e-07,4.92228e-07
194,2.19588e-06,9.63918e-07,4.94845e-07
195,2.20513e-06,9.64103e-07,4.92308e-07
196,2.20918e-06,9.64286e-07,4.94898e-07
197,2.2132e-06,9.59391e-07,4.92386e-07
198,2.22222e-06,9.59596e-07,4.89899e-07
199,2.22613e-06,9.59799e-07,4.92462e-07
200,2.23e-06,9.55e-07,4.9e-07
201,2.23881e-06,9.55224e-07,4.92537e-07
202,2.24257e-06,9.50495e-07,4.90099e-07
203,2.24631e-06,9.50739e-07,4.92611e-07
204,2.25e-06,9.5098e-07,4.90196e-07
205,2.25366e-06,9.46341e-07,4.92683e-07
206,2.25243e-06,9.46602e-07,4.90291e-07
207,2.25604e-06,9.4686e-07,4.87923e-07
208,2.25962e-06,9.42308e-07,4.90385e-07
209,2.25837e-06,9.42584e-07,4.88038e-07
210,2.2619e-06,9.38095e-07,4.90476e-07
211,2.2654e-06,9.38389e-07,4.88152e-07
212,2.26415e-06,9.38679e-07,4.90566e-07
213,2.26761e-06,9.34272e-07,4.88263e-07
214,2.27103e-06,9.34579e-07,4.90654e-07
215,2.26977e-06,9.34884e-07,4.88372e-07
216,2.27315e-06,9.30556e-07,4.86111e-07
217,2.2765e-06,9.30876e-07,4.88479e-07
218,2.27982e-06,9.31193e-07,4.86239e-07
219,2.27854e-06,9.26941e-07,4.88584e-07
220,2.28182e-06,9.27273e-07,4.86364e-07
221,2.28507e-06,9.27602e-07,4.88688e-07
222,2.28829e-06,9.23423e-07,4.86486e-07
223,2.287e-06,9.23767e-07,4.88789e-07
224,2.29018e-06,9.24107e-07,4.86607e-07
225,2.29778e-06,9.2e-07,4.84444e-07
226,2.30088e-06,9.20354e-07,4.86726e-07
227,2.30837e-06,9.20705e-07,4.84581e-07
228,2.45175e-06,9.16667e-07,4.86842e-07
229,2.53275e-06,9.17031e-07,4.84716e-07
230,2.53478e-06,9.13043e-07,4.86957e-07
231,2.53247e-06,9.1342e-07,4.84848e-07
232,2.53448e-06,9.13793e-07,4.82759e-07
233,2.53648e-06,9.14163e-07,4.84979e-07
234,2.53846e-06,9.10256e-07,4.82906e-07
235,2.54043e-06,9.10638e-07,4.85106e-07
236,2.54237e-06,9.0678e-07,4.83051e-07
237,2.5443e-06,9.07173e-07,4.85232e-07
238,2.54202e-06,9.07563e-07,4.83193e-07
239,2.54393e-06,9.03766e-07,4.85356e-07
240,2.54583e-06,9.04167e-07,4.83333e-07
241,2.54772e-06,9.00415e-07,4.81328e-07
242,2.54959e-06,9.00826e-07,4.83471e-07
243,2.55144e-06,9.01235e-07,4.81481e-07
244,2.55328e-06,8.97541e-07,4.83607e-07
245,2.5551e-06,8.97959e-07,4.81633e-07
246,2.55691e-06,8.94309e-07,4.8374e-07
247,2.5587e-06,8.94737e-07,4.81781e-07
248,2.56048e-06,8.95161e-07,4.83871e-07
249,2.56225e-06,8.91566e-07,4.81928e-07
250,2.564e-06,8.92e-07,4.84e-07
251,2.56574e-06,8.88446e-07,4.82072e-07
252,2.56746e-06,8.88889e-07,4.80159e-07
253,2.56917e-06,8.89328e-07,4.82213e-07
254,2.57087e-06,8.85827e-07,4.80315e-07
255,2.57255e-06,8.86275e-07,4.82353e-07
256,2.57422e-06,8.86719e-07,4.80469e-07
257,2.57588e-06,8.83268e-07,4.8249e-07
258,2.61628e-06,8.99225e-07,4.84496e-07
259,2.62162e-06,8.95753e-07,4.82625e-07
260,2.62308e-06,8.96154e-07,4.84615e-07
261,2.62452e-06,8.96552e-07,4.82759e-07
262,2.62595e-06,8.9313e-07,4.84733e-07
263,2.62738e-06,8.93536e-07,4.8289e-07
264,2.62879e-06,8.93939e-07,4.81061e-07
265,2.63396e-06,8.90566e-07,4.83019e-07
266,2.63534e-06,8.90977e-07,4.81203e-07
267,2.6367e-06,8.91386e-07,4.83146e-07
268,2.63806e-06,8.8806e-07,4.81343e-07
269,2.63941e-06,8.88476e-07,4.83271e-07
270,2.64444e-06,8.88889e-07,4.81481e-07
271,2.64576e-06,8.85609e-07,4.83395e-07
272,2.64706e-06,8.86029e-07,4.81618e-07
273,2.64835e-06,8.82784e-07,4.79853e-07
274,2.64964e-06,8.83212e-07,4.81752e-07
275,2.65455e-06,8.83636e-07,4.8e-07
276,2.6558e-06,8.80435e-07,4.81884e-07
277,2.65704e-06,8.80866e-07,4.80144e-07
278,2.66187e-06,8.77698e-07,4.82014e-07
279,2.66308e-06,8.78136e-07,4.80287e-07
280,2.66429e-06,8.78571e-07,4.78571e-07
281,2.66548e-06,8.75445e-07,4.80427e-07
282,2.67021e-06,8.75887e-07,4.78723e-07
283,2.67138e-06,8.76325e-07,4.80565e-07
284,2.67254e-06,8.73239e-07,4.78873e-07
285,2.67719e-06,8.73684e-07,4.80702e-07
286,2.67832e-06,8.70629e-07,4.79021e-07
287,2.67944e-06,8.7108e-07,4.80836e-07
288,2.68403e-06,8.71528e-07,4.79167e-07
289,2.68512e-06,8.68512e-07,4.80969e-07
290,2.68966e-06,8.75862e-07,4.7931e-07
291,2.69072e-06,8.76289e-07,4.77663e-07
292,2.69521e-06,8.76712e-07,4.79452e-07
293,2.69625e-06,8.7372e-07,4.77816e-07
294,2.69728e-06,8.7415e-07,4.79592e-07
295,2.70169e-06,8.71186e-07,4.77966e-07
296,2.7027e-06,8.71622e-07,4.7973e-07
297,2.70707e-06,8.72054e-07,4.78114e-07
298,2.70805e-06,8.69128e-07,4.79866e-07
299,2.71237e-06,8.69565e-07,4.78261e-07
300,2.71333e-06,8.7e-07,4.76667e-07
301,2.71761e-06,8.6711e-07,4.78405e-07
302,2.71854e-06,8.6755e-07,4.76821e-07
303,2.72277e-06,8.64686e-07,4.78548e-07
304,2.72697e-06,8.65132e-07,4.76974e-07
305,2.72787e-06,8.62295e-07,4.78689e-07
306,2.73203e-06,8.62745e-07,4.77124e-07
307,2.7329e-06,8.63192e-07,4.78827e-07
308,2.73701e-06,8.6039e-07,4.77273e-07
309,2.7411e-06,8.60841e-07,4.75728e-07
310,2.74194e-06,8.6129e-07,4.77419e-07
311,2.74598e-06,8.58521e-07,4.75884e-07
312,2.75e-06,8.58974e-07,4.77564e-07
313,2.7508e-06,8.59425e-07,4.76038e-07
314,2.75478e-06,8.56688e-07,4.77707e-07
315,2.75873e-06,8.57143e-07,4.7619e-07
316,2.75949e-06,8.5443e-07,4.77848e-07
317,2.76341e-06,8.5489e-07,4.76341e-07
318,2.7673e-06,8.55346e-07,4.74843e-07
319,2.76803e-06,8.52665e-07,4.76489e-07
320,2.77188e-06,8.53125e-07,4.75e-07
321,2.7757e-06,8.50467e-07,4.76636e-07
322,2.7795e-06,8.50932e-07,4.75155e-07
323,2.78019e-06,8.51393e-07,4.7678e-07
324,2.78395e-06,8.48765e-07,4.75309e-07
325,2.78769e-06,8.49231e-07,4.76923e-07
326,2.79141e-06,8.49693e-07,4.7546e-07
327,2.79511e-06,8.47095e-07,4.74006e-07
328,2.79878e-06,8.47561e-07,4.7561e-07
329,2.79939e-06,8.48024e-07,4.74164e-07
330,2.80303e-06,8.48485e-07,4.75758e-07
331,2.80665e-06,8.45921e-07,4.7432e-07
332,2.81024e-06,8.46386e-07,4.75904e-07
333,2.81381e-06,8.46847e-07,4.74474e-07
334,2.81737e-06,8.44311e-07,4.73054e-07
335,2.8209e-06,8.44776e-07,4.74627e-07
336,2.8244e-06,8.42262e-07,4.73214e-07
337,2.82789e-06,8.4273e-07,4.74777e-07
338,2.83136e-06,8.43195e-07,4.73373e-07
339,2.83186e-06,8.40708e-07,4.74926e-07
340,2.83529e-06,8.41176e-07,4.73529e-07
341,2.83871e-06,8.3871e-07,4.75073e-07
342,2.84211e-06,8.39181e-07,4.73684e-07
343,2.84548e-06,8.3965e-07,4.72303e-07
344,2.84884e-06,8.37209e-07,4.73837e-07
345,2.85217e-06,8.37681e-07,4.72464e-07
346,2.85549e-06,8.3815e-07,4.73988e-07
347,2.85879e-06,8.35735e-07,4.72622e-07
348,2.86494e-06,8.36207e-07,4.74138e-07
349,2.86819e-06,8.33811e-07,4.72779e-07
350,2.87143e-06,8.34286e-07,4.74286e-07
351,2.87464e-06,8.34758e-07,4.72934e-07
352,2.87784e-06,8.32386e-07,4.71591e-07
353,2.88102e-06,8.32861e-07,4.73088e-07
354,2.88418e-06,8.30508e-07,4.71751e-07
355,2.88732e-06,8.30986e-07,4.73239e-07
356,2.89045e-06,8.31461e-07,4.7191e-07
357,2.89636e-06,8.29132e-07,4.73389e-07
358,2.89944e-06,8.29609e-07,4.72067e-07
359,2.90251e-06,8.27298e-07,4.70752e-07
360,2.90556e-06,8.27778e-07,4.72222e-07
361,2.91967e-06,8.28255e-07,4.70914e-07
362,2.92265e-06,8.25967e-07,4.72376e-07
363,2.92562e-06,8.26446e-07,4.71074e-07
364,2.92857e-06,8.26923e-07,4.72527e-07
365,2.93151e-06,8.24658e-07,4.71233e-07
366,2.93716e-06,8.25137e-07,4.72678e-07
367,2.94005e-06,8.22888e-07,4.7139e-07
368,2.94293e-06,8.2337e-07,4.70109e-07
369,2.9458e-06,8.21138e-07,4.71545e-07
370,2.95135e-06,8.21622e-07,4.7027e-07
371,2.95418e-06,8.22102e-07,4.71698e-07
372,2.95699e-06,8.19892e-07,4.7043e-07
373,2.96247e-06,8.20375e-07,4.7185e-07
374,2.96524e-06,8.20856e-07,4.70588e-07
375,2.968e-06,8.18667e-07,4.72e-07
376,2.9734e-06,8.19149e-07,4.70745e-07
377,2.97613e-06,8.16976e-07,4.69496e-07
378,2.97884e-06,8.1746e-07,4.70899e-07
379,2.98417e-06,8.17942e-07,4.69657e-07
380,2.98684e-06,8.15789e-07,4.71053e-07
381,2.9895e-06,8.16273e-07,4.69816e-07
382,2.99476e-06,8.16754e-07,4.71204e-07
383,2.99739e-06,8.14621e-07,4.69974e-07
384,3.0026e-06,8.15104e-07,4.6875e-07
385,3.00519e-06,8.12987e-07,4.7013e-07
386,3.01036e-06,8.13472e-07,4.68912e-07
387,3.01292e-06,8.13953e-07,4.70284e-07
388,3.01804e-06,8.11856e-07,4.69072e-07
389,3.02057e-06,8.12339e-07,4.70437e-07
390,3.02564e-06,8.12821e-07,4.69231e-07
391,3.02813e-06,8.10742e-07,4.70588e-07
392,3.03316e-06,8.11224e-07,4.69388e-07
393,3.03562e-06,8.0916e-07,4.68193e-07
394,3.04061e-06,8.09645e-07,4.69543e-07
395,3.04304e-06,8.10127e-07,4.68354e-07
396,3.04798e-06,8.08081e-07,4.69697e-07
397,3.05038e-06,8.08564e-07,4.68514e-07
398,3.05528e-06,8.09045e-07,4.69849e-07
399,3.05764e-06,8.07018e-07,4.68672e-07
400,3.0625e-06,8.075e-07,4.675e-07
401,3.06733e-06,8.0798e-07,4.68828e-07
402,3.06965e-06,8.0597e-07,4.67662e-07
403,3.07444e-06,8.06452e-07,4.68983e-07
404,3.07921e-06,8.04455e-07,4.67822e-07
405,3.08148e-06,8.04938e-07,4.69136e-07
406,3.08621e-06,8.05419e-07,4.6798e-07
407,3.09091e-06,8.0344e-07,4.6683e-07
408,3.09314e-06,8.03922e-07,4.68137e-07
409,3.0978e-06,8.01956e-07,4.66993e-07
410,3.10244e-06,8.02439e-07,4.68293e-07
411,3.10462e-06,8.0292e-07,4.67153e-07
412,3.10922e-06,8.00971e-07,4.68447e-07
413,3.1138e-06,8.01453e-07,4.67312e-07
414,3.11836e-06,7.99517e-07,4.68599e-07
415,3.12048e-06,8e-07,4.6747e-07
416,3.125e-06,8.00481e-07,4.66346e-07
417,3.1295e-06,7.98561e-07,4.67626e-07
418,3.13397e-06,7.99043e-07,4.66507e-07
419,3.13842e-06,7.99523e-07,4.6778e-07
420,3.14286e-06,7.97619e-07,4.66667e-07
421,3.14489e-06,7.981e-07,4.67933e-07
422,3.14929e-06,7.96209e-07,4.66825e-07
423,3.15366e-06,7.9669e-07,4.65721e-07
424,3.17925e-06,7.94811e-07,4.66981e-07
425,3.18118e-06,7.95294e-07,4.65882e-07
426,3.18545e-06,7.95775e-07,4.67136e-07
427,3.1897e-06,7.93911e-07,4.66042e-07
428,3.19393e-06,7.94393e-07,4.6729e-07
429,3.19814e-06,7.92541e-07,4.662e-07
430,3.20233e-06,7.93023e-07,4.67442e-07
431,3.2065e-06,7.93503e-07,4.66357e-07
432,3.21065e-06,7.91667e-07,4.67593e-07
433,3.21478e-06,7.92148e-07,4.66513e-07
434,3.21889e-06,7.90323e-07,4.65438e-07
435,3.22299e-06,7.90805e-07,4.66667e-07
436,3.22706e-06,7.91284e-07,4.65596e-07
437,3.23112e-06,7.89474e-07,4.66819e-07
438,3.23516e-06,7.89954e-07,4.65753e-07
439,3.23918e-06,7.90433e-07,4.6697e-07
440,3.24318e-06,7.88636e-07,4.65909e-07
441,3.24717e-06,7.89116e-07,4.64853e-07
442,3.25339e-06,7.8733e-07,4.66063e-07
443,3.25734e-06,7.8781e-07,4.65011e-07
444,3.26126e-06,7.88288e-07,4.66216e-07
445,3.26517e-06,7.86517e-07,4.65169e-07
446,3.26906e-06,7.86996e-07,4.66368e-07
447,3.27293e-06,7.87472e-07,4.65324e-07
448,3.27679e-06,7.85714e-07,4.64286e-07
449,3.28062e-06,7.86192e-07,4.65479e-07
450,3.29333e-06,7.86667e-07,4.64444e-07
451,3.29712e-06,7.84922e-07,4.65632e-07
452,3.3031e-06,7.85398e-07,4.64602e-07
453,3.30684e-06,7.85872e-07,4.65784e-07
454,3.31057e-06,7.84141e-07,4.64758e-07
455,3.31429e-06,7.84615e-07,4.65934e-07
456,3.31798e-06,7.85088e-07,4.64912e-07
457,3.32166e-06,7.8337e-07,4.63895e-07
458,3.32751e-06,7.83843e-07,4.65066e-07
459,3.33115e-06,7.84314e-07,4.64052e-07
460,3.33478e-06,7.82609e-07,4.65217e-07
461,3.33839e-06,7.8308e-07,4.64208e-07
462,3.34416e-06,7.81385e-07,4.65368e-07
463,3.34773e-06,7.81857e-07,4.64363e-07
464,3.35129e-06,7.82328e-07,4.65517e-07
465,3.35699e-06,7.82796e-07,4.64516e-07
466,3.36052e-06,7.81116e-07,4.63519e-07
467,3.36403e-06,7.81585e-07,4.64668e-07
468,3.36966e-06,7.82051e-07,4.63675e-07
469,3.37313e-06,7.80384e-07,4.64819e-07
470,3.3766e-06,7.80851e-07,4.6383e-07
471,3.38217e-06,7.81316e-07,4.64968e-07
472,3.38559e-06,7.79661e-07,4.63983e-07
473,3.38901e-06,7.80127e-07,4.63002e-07
474,3.39451e-06,7.80591e-07,4.64135e-07
475,3.39789e-06,7.78947e-07,4.63158e-07
476,3.40336e-06,7.79412e-07,4.64286e-07
477,3.40671e-06,7.79874e-07,4.63312e-07
478,3.41213e-06,7.78243e-07,4.64435e-07
479,3.41545e-06,7.78706e-07,4.63466e-07
480,3.41875e-06,7.79167e-07,4.64583e-07
481,3.42412e-06,7.77547e-07,4.63617e-07
482,3.42739e-06,7.78008e-07,4.62656e-07
483,3.43271e-06,7.78468e-07,4.63768e-07
484,3.43595e-06,7.7686e-07,4.6281e-07
485,3.44124e-06,7.7732e-07,4.63918e-07
486,3.4465e-06,7.7572e-07,4.62963e-07
487,3.44969e-06,7.76181e-07,4.64066e-07
488,3.45492e-06,7.76639e-07,4.63115e-07
489,3.45808e-06,7.75051e-07,4.62168e-07
490,3.46327e-06,7.7551e-07,4.63265e-07
491,3.46843e-06,7.75967e-07,4.62322e-07
492,3.47154e-06,7.7439e-07,4.63415e-07
493,3.47667e-06,7.74848e-07,4.62475e-07
494,3.47976e-06,7.75304e-07,4.63563e-07
495,3.48485e-06,7.73737e-07,4.62626e-07
496,3.48992e-06,7.74194e-07,4.61694e-07
497,3.49296e-06,7.72636e-07,4.62777e-07
498,3.49799e-06,7.73092e-07,4.61847e-07
499,3.50301e-06,7.73547e-07,4.62926e-07
500,3.506e-06,7.72e-07,4.62e-07
501,3.51098e-06,7.72455e-07,4.63074e-07
502,3.51594e-06,7.72908e-07,4.62151e-07
503,3.51889e-06,7.71372e-07,4.63221e-07
504,3.52381e-06,7.71825e-07,4.62302e-07
505,3.52871e-06,7.72277e-07,4.61386e-07
506,3.5336e-06,7.70751e-07,4.62451e-07
507,3.53649e-06,7.71203e-07,4.61538e-07
508,3.54134e-06,7.71654e-07,4.62598e-07
509,3.54617e-06,7.70138e-07,4.6169e-07
510,3.55098e-06,7.70588e-07,4.62745e-07
511,3.55382e-06,7.71037e-07,4.6184e-07
512,3.60742e-06,7.69531e-07,4.62891e-07
513,3.61793e-06,7.69981e-07,4.61988e-07
514,3.67704e-06,7.80156e-07,4.74708e-07
515,3.68155e-06,7.80583e-07,4.75728e-07
516,3.76744e-06,7.81008e-07,4.74806e-07
517,3.81431e-06,7.79497e-07,4.75822e-07
518,3.85907e-06,7.79923e-07,4.74903e-07
519,3.88439e-06,7.80347e-07,4.75915e-07
520,3.88846e-06,7.78846e-07,4.75e-07
521,3.89251e-06,7.79271e-07,4.74088e-07
522,3.89655e-06,7.79693e-07,4.75096e-07
523,3.90057e-06,7.78203e-07,4.74187e-07
524,3.90458e-06,7.78626e-07,4.75191e-07
525,3.90857e-06,7.79048e-07,4.74286e-07
526,3.91445e-06,7.77567e-07,4.75285e-07
527,3.91841e-06,7.77989e-07,4.74383e-07
528,3.92235e-06,7.78409e-07,4.75379e-07
529,3.92628e-06,7.76938e-07,4.7448e-07
530,3.93019e-06,7.77358e-07,4.73585e-07
531,3.93409e-06,7.75895e-07,4.74576e-07
532,3.93797e-06,7.76316e-07,4.73684e-07
533,3.94371e-06,7.76735e-07,4.74672e-07
534,3.94757e-06,7.75281e-07,4.73783e-07
535,3.9514e-06,7.75701e-07,4.74766e-07
536,3.95522e-06,7.76119e-07,4.73881e-07
537,3.95903e-06,7.74674e-07,4.7486e-07
538,3.96283e-06,7.75093e-07,4.73978e-07
539,3.9666e-06,7.7551e-07,4.73098e-07
540,3.97222e-06,7.74074e-07,4.74074e-07
541,3.97597e-06,7.74492e-07,4.73198e-07
542,3.9797e-06,7.73063e-07,4.7417e-07
543,3.98343e-06,7.73481e-07,4.73297e-07
544,3.98713e-06,7.73897e-07,4.74265e-07
545,3.99266e-06,7.72477e-07,4.73394e-07
546,3.99634e-06,7.78388e-07,4.79853e-07
547,4e-06,7.76965e-07,4.78976e-07
548,4.00365e-06,7.77372e-07,4.78102e-07
549,4.00911e-06,7.77778e-07,4.79053e-07
550,4.01273e-06,7.78182e-07,4.78182e-07
551,4.01633e-06,7.7677e-07,4.79129e-07
552,4.02174e-06,7.77174e-07,4.78261e-07
553,4.02532e-06,7.77577e-07,4.79204e-07
554,4.02888e-06,7.76173e-07,4.78339e-07
555,4.03423e-06,7.76577e-07,4.79279e-07
556,4.03777e-06,7.76978e-07,4.78417e-07
557,4.04129e-06,7.75583e-07,4.77558e-07
558,4.04659e-06,7.75986e-07,4.78495e-07
559,4.05009e-06,7.76386e-07,4.77639e-07
560,4.05357e-06,7.75e-07,4.78571e-07
561,4.05882e-06,7.75401e-07,4.77718e-07
562,4.06228e-06,7.75801e-07,4.78648e-07
563,4.0675e-06,7.74423e-07,4.77798e-07
564,4.07092e-06,7.74823e-07,4.7695e-07
565,4.07611e-06,7.73451e-07,4.77876e-07
566,4.07951e-06,7.73852e-07,4.77032e-07
567,4.08289e-06,7.7425e-07,4.77954e-07
568,4.08803e-06,7.72887e-07,4.77113e-07
569,4.09139e-06,7.73286e-07,4.78032e-07
570,4.09649e-06,7.73684e-07,4.77193e-07
571,4.09982e-06,7.72329e-07,4.78109e-07
572,4.1049e-06,7.72727e-07,4.77273e-07
573,4.10995e-06,7.73124e-07,4.7644e-07
574,4.11324e-06,7.71777e-07,4.77352e-07
575,4.11826e-06,7.72174e-07,4.76522e-07
576,4.12153e-06,7.72569e-07,4.77431e-07
577,4.12652e-06,7.71231e-07,4.76603e-07
578,4.12976e-06,7.71626e-07,4.77509e-07
579,4.13472e-06,7.72021e-07,4.76684e-07
580,4.13966e-06,7.7069e-07,4.77586e-07
581,4.14286e-06,7.71084e-07,4.76764e-07
582,4.14777e-06,7.71478e-07,4.75945e-07
583,4.15266e-06,7.70154e-07,4.76844e-07
584,4.15582e-06,7.70548e-07,4.76027e-07
585,4.16068e-06,7.7094e-07,4.76923e-07
586,4.16553e-06,7.69625e-07,4.76109e-07
587,4.16865e-06,7.70017e-07,4.77002e-07
588,4.17347e-06,7.70408e-07,4.7619e-07
589,4.17827e-06,7.691e-07,4.75382e-07
590,4.18136e-06,7.69492e-07,4.76271e-07
591,4.18613e-06,7.69882e-07,4.75465e-07
592,4.19088e-06,7.68581e-07,4.76351e-07
593,4.19562e-06,7.68971e-07,4.75548e-07
594,4.19865e-06,7.6936e-07,4.76431e-07
595,4.20336e-06,7.68067e-07,4.7563e-07
596,4.20805e-06,7.68456e-07,4.7651e-07
597,4.21273e-06,7.68844e-07,4.75712e-07
598,4.21739e-06,7.67559e-07,4.74916e-07
599,4.22037e-06,7.67947e-07,4.75793e-07
600,4.225e-06,7.68333e-07,4.75e-07
601,4.22962e-06,7.67055e-07,4.75874e-07
602,4.23422e-06,7.67442e-07,4.75083e-07
603,4.23881e-06,7.66169e-07,4.75954e-07
604,4.24338e-06,7.66556e-07,4.75166e-07
605,4.24793e-06,7.66942e-07,4.76033e-07
606,4.25083e-06,7.67327e-07,4.75248e-07
607,4.25535e-06,7.66063e-07,4.74465e-07
608,4.25987e-06,7.66447e-07,4.75329e-07
609,4.26437e-06,7.66831e-07,4.74548e-07
610,4.26885e-06,7.65574e-07,4.7541e-07
611,4.27332e-06,7.65957e-07,4.74632e-07
612,4.29085e-06,7.64706e-07,4.7549e-07
613,4.29527e-06,7.6509e-07,4.74715e-07
614,4.29967e-06,7.65472e-07,4.73941e-07
615,4.30407e-06,7.64228e-07,4.74797e-07
616,4.30844e-06,7.6461e-07,4.74026e-07
617,4.3128e-06,7.64992e-07,4.74878e-07
618,4.31715e-06,7.63754e-07,4.7411e-07
619,4.3231e-06,7.64136e-07,4.7496e-07
620,4.32742e-06,7.64516e-07,4.74194e-07
621,4.33172e-06,7.63285e-07,4.7343e-07
622,4.33601e-06,7.63666e-07,4.74277e-07
623,4.34029e-06,7.64045e-07,4.73515e-07
624,4.34455e-06,7.62821e-07,4.74359e-07
625,4.3488e-06,7.632e-07,4.736e-07
626,4.35304e-06,7.63578e-07,4.74441e-07
627,4.35726e-06,7.6236e-07,4.73684e-07
628,4.36146e-06,7.62739e-07,4.74522e-07
629,4.36725e-06,7.63116e-07,4.73768e-07
630,4.37143e-06,7.61905e-07,4.73016e-07
631,4.37559e-06,7.62282e-07,4.73851e-07
632,4.37975e-06,7.61076e-07,4.73101e-07
633,4.38389e-06,7.61453e-07,4.73934e-07
634,4.38959e-06,7.6183e-07,4.73186e-07
635,4.3937e-06,7.6063e-07,4.74016e-07
636,4.3978e-06,7.61006e-07,4.7327e-07
637,4.40188e-06,7.61381e-07,4.72527e-07
638,4.40752e-06,7.60188e-07,4.73354e-07
639,4.41158e-06,7.60563e-07,4.72613e-07
640,4.41562e-06,7.60937e-07,4.73438e-07
641,4.41966e-06,7.5975e-07,4.72699e-07
642,4.42523e-06,7.60125e-07,4.7352e-07
643,4.42924e-06,7.60498e-07,4.72784e-07
644,4.43323e-06,7.6087e-07,4.73602e-07
645,4.43876e-06,7.5969e-07,4.72868e-07
646,4.44272e-06,7.60062e-07,4.72136e-07
647,4.44668e-06,7.58887e-07,4.72952e-07
648,4.45216e-06,7.59259e-07,4.72222e-07
649,4.45609e-06,7.5963e-07,4.73035e-07
650,4.46154e-06,7.58462e-07,4.72308e-07
651,4.46544e-06,7.58833e-07,4.73118e-07
652,4.46933e-06,7.59202e-07,4.72393e-07
653,4.47473e-06,7.5804e-07,4.71669e-07
654,4.47859e-06,7.5841e-07,4.72477e-07
655,4.48397e-06,7.58779e-07,4.71756e-07
656,4.4878e-06,7.57622e-07,4.72561e-07
657,4.49315e-06,7.57991e-07,4.71842e-07
658,4.49696e-06,7.58359e-07,4.72644e-07
659,4.50228e-06,7.57208e-07,4.71927e-07
660,4.50606e-06,7.57576e-07,4.72727e-07
661,4.51135e-06,7.57943e-07,4.72012e-07
662,4.51511e-06,7.56798e-07,4.71299e-07
663,4.52036e-06,7.57164e-07,4.72097e-07
664,4.5241e-06,7.5753e-07,4.71386e-07
665,4.52932e-06,7.56391e-07,4.7218e-07
666,4.53303e-06,7.56757e-07,4.71471e-07
667,4.53823e-06,7.57121e-07,4.72264e-07
668,4.54341e-06,7.55988e-07,4.71557e-07
669,4.54709e-06,7.56353e-07,4.70852e-07
670,4.55224e-06,7.56716e-07,4.71642e-07
671,4.55589e-06,7.55589e-07,4.70939e-07
672,4.56101e-06,7.55952e-07,4.71726e-07
673,4.56612e-06,7.54829e-07,4.71025e-07
674,4.56973e-06,7.55193e-07,4.7181e-07
675,4.57481e-06,7.55556e-07,4.71111e-07
676,4.57988e-06,7.54438e-07,4.70414e-07
677,4.58346e-06,7.54801e-07,4.71196e-07
678,4.5885e-06,7.55162e-07,4.70501e-07
679,4.59352e-06,7.5405e-07,4.71281e-07
680,4.59853e-06,7.54412e-07,4.70588e-07
681,4.60206e-06,7.54772e-07,4.71366e-07
682,4.60704e-06,7.53666e-07,4.70674e-07
683,4.61201e-06,7.54026e-07,4.71449e-07
684,4.6155e-06,7.54386e-07,4.7076e-07
685,4.62044e-06,7.53285e-07,4.70073e-07
686,4.62536e-06,7.53644e-07,4.70845e-07
687,4.63028e-06,7.54003e-07,4.7016e-07
688,4.63517e-06,7.52907e-07,4.7093e-07
689,4.63861e-06,7.53266e-07,4.70247e-07
690,4.64348e-06,7.53623e-07,4.71014e-07
691,4.64834e-06,7.52533e-07,4.70333e-07
692,4.65318e-06,7.5289e-07,4.71098e-07
693,4.65801e-06,7.53247e-07,4.70418e-07
694,4.66282e-06,7.52161e-07,4.69741e-07
695,4.66763e-06,7.52518e-07,4.70504e-07
696,4.67098e-06,7.52874e-07,4.69828e-07
697,4.67575e-06,7.51793e-07,4.70588e-07
698,4.68052e-06,7.52149e-07,4.69914e-07
699,4.68526e-06,7.51073e-07,4.70672e-07
700,4.69e-06,7.51429e-07,4.7e-07
701,4.69472e-06,7.51783e-07,4.6933e-07
702,4.69943e-06,7.50712e-07,4.70085e-07
703,4.70413e-06,7.51067e-07,4.69417e-07
704,4.70881e-06,7.5142e-07,4.7017e-07
705,4.71348e-06,7.51773e-07,4.69504e-07
706,4.71813e-06,7.50708e-07,4.70255e-07
707,4.72277e-06,7.51061e-07,4.6959e-07
708,4.7274e-06,7.5e-07,4.68927e-07
709,4.73202e-06,7.50353e-07,4.69676e-07
710,4.73662e-06,7.50704e-07,4.69014e-07
711,4.74121e-06,7.51055e-07,4.69761e-07
712,4.74579e-06,7.5e-07,4.69101e-07
713,4.75035e-06,7.50351e-07,4.69846e-07
714,4.7549e-06,7.493e-07,4.69188e-07
715,4.76084e-06,7.4965e-07,4.6993e-07
716,4.76536e-06,7.5e-07,4.69274e-07
717,4.76987e-06,7.50349e-07,4.70014e-07
718,4.77437e-06,7.49304e-07,4.69359e-07
719,4.77886e-06,7.49652e-07,4.68707e-07
720,4.78333e-06,7.5e-07,4.69444e-07
721,4.78779e-06,7.4896e-07,4.68793e-07
722,4.79224e-06,7.49307e-07,4.69529e-07
723,4.79806e-06,7.48271e-07,4.6888e-07
724,4.80249e-06,7.48619e-07,4.69613e-07
725,4.8069e-06,7.48966e-07,4.68966e-07
726,4.81129e-06,7.47934e-07,4.6832e-07
727,4.81568e-06,7.48281e-07,4.69051e-07
728,4.82143e-06,7.48626e-07,4.68407e-07
729,4.82579e-06,7.47599e-07,4.69136e-07
730,4.83014e-06,7.47945e-07,4.68493e-07
731,4.83584e-06,7.4829e-07,4.6922e-07
732,4.84016e-06,7.47268e-07,4.68579e-07
733,4.84447e-06,7.47613e-07,4.69304e-07
734,4.84877e-06,7.47956e-07,4.68665e-07
735,4.85442e-06,7.46939e-07,4.68027e-07
736,4.8587e-06,7.47283e-07,4.6875e-07
737,4.86296e-06,7.47626e-07,4.68114e-07
738,4.87669e-06,7.46612e-07,4.68835e-07
739,4.88227e-06,7.46955e-07,4.682e-07
740,4.88649e-06,7.47297e-07,4.68919e-07
741,4.89069e-06,7.46289e-07,4.68286e-07
742,4.89623e-06,7.46631e-07,4.67655e-07
743,4.9004e-06,7.46972e-07,4.68371e-07
744,4.90591e-06,7.45968e-07,4.67742e-07
745,4.91007e-06,7.46309e-07,4.68456e-07
746,4.91421e-06,7.46649e-07,4.67828e-07
747,4.91968e-06,7.45649e-07,4.68541e-07
748,4.9238e-06,7.45989e-07,4.67914e-07
749,4.92924e-06,7.46328e-07,4.68625e-07
750,4.93333e-06,7.45333e-07,4.68e-07
751,4.93875e-06,7.45672e-07,4.67377e-07
752,4.94282e-06,7.46011e-07,4.68085e-07
753,4.94821e-06,7.4502e-07,4.67463e-07
754,4.95225e-06,7.45358e-07,4.6817e-07
755,4.95762e-06,7.45695e-07,4.6755e-07
756,4.96164e-06,7.44709e-07,4.68254e-07
757,4.96697e-06,7.45046e-07,4.67635e-07
758,4.9723e-06,7.44063e-07,4.67018e-07
759,4.97628e-06,7.44401e-07,4.67721e-07
760,4.98158e-06,7.44737e-07,4.67105e-07
761,4.98555e-06,7.43758e-07,4.67806e-07
762,4.99081e-06,7.44094e-07,4.67192e-07
763,4.99607e-06,7.43119e-07,4.6789e-07
764,5e-06,7.43455e-07,4.67277e-07
765,5.00523e-06,7.43791e-07,4.67974e-07
766,5.01044e-06,7.4282e-07,4.67363e-07
767,5.01434e-06,7.43155e-07,4.66754e-07
768,5.01953e-06,7.4349e-07,4.67448e-07
769,5.02471e-06,7.42523e-07,4.6684e-07
770,5.02857e-06,7.42857e-07,4.67532e-07
771,5.03372e-06,7.43191e-07,4.66926e-07
772,5.03886e-06,7.42228e-07,4.67617e-07
773,5.04398e-06,7.42561e-07,4.67012e-07
774,5.0491e-06,7.41602e-07,4.66408e-07
775,5.0529e-06,7.41935e-07,4.67097e-07
776,5.05799e-06,7.42268e-07,4.66495e-07
777,5.06306e-06,7.426e-07,4.67181e-07
778,5.06812e-06,7.41645e-07,4.66581e-07
779,5.07189e-06,7.41977e-07,4.67266e-07
780,5.07692e-06,7.42308e-07,4.66667e-07
781,5.08195e-06,7.41357e-07,4.66069e-07
782,5.08951e-06,7.41688e-07,4.66752e-07
783,5.09451e-06,7.40741e-07,4.66156e-07
784,5.09949e-06,7.41071e-07,4.66837e-07
785,5.10446e-06,7.41401e-07,4.66242e-07
786,5.10814e-06,7.40458e-07,4.66921e-07
787,5.11309e-06,7.40788e-07,4.66328e-07
788,5.11802e-06,7.39848e-07,4.67005e-07
789,5.12294e-06,7.40177e-07,4.66413e-07
790,5.12785e-06,7.40506e-07,4.65823e-07
791,5.13274e-06,7.3957e-07,4.66498e-07
792,5.13636e-06,7.39899e-07,4.65909e-07
793,5.14124e-06,7.40227e-07,4.66583e-07
794,5.1461e-06,7.39295e-07,4.65995e-07
795,5.15094e-06,7.39623e-07,4.66667e-07
796,5.15578e-06,7.3995e-07,4.6608e-07
797,5.1606e-06,7.39021e-07,4.6675e-07
798,5.16541e-06,7.39348e-07,4.66165e-07
799,5.17021e-06,7.39675e-07,4.65582e-07
800,5.17375e-06,7.3875e-07,4.6625e-07
801,5.17853e-06,7.39076e-07,4.65668e-07
802,5.18329e-06,7.43142e-07,4.68828e-07
803,5.18804e-06,7.42217e-07,4.69489e-07
804,5.19279e-06,7.42537e-07,4.68905e-07
805,5.19752e-06,7.42857e-07,4.69565e-07
806,5.20223e-06,7.41935e-07,4.68983e-07
807,5.20694e-06,7.42255e-07,4.68401e-07
808,5.21163e-06,7.42574e-07,4.69059e-07
809,5.21632e-06,7.41656e-07,4.6848e-07
810,5.22099e-06,7.41975e-07,4.69136e-07
811,5.22565e-06,7.42293e-07,4.68557e-07
812,5.2303e-06,7.41379e-07,4.69212e-07
813,5.23493e-06,7.41697e-07,4.68635e-07
814,5.23956e-06,7.42015e-07,4.68059e-07
815,5.24417e-06,7.41104e-07,4.68712e-07
816,5.24877e-06,7.41422e-07,4.68137e-07
817,5.25337e-06,7.40514e-07,4.68788e-07
818,5.25795e-06,7.40831e-07,4.68215e-07
819,5.26252e-06,7.41148e-07,4.68864e-07
820,5.26707e-06,7.40244e-07,4.68293e-07
821,5.27162e-06,7.4056e-07,4.6894e-07
822,5.27616e-06,7.40876e-07,4.6837e-07
823,5.2819e-06,7.39976e-07,4.67801e-07
824,5.28641e-06,7.40291e-07,4.68447e-07
825,5.29091e-06,7.40606e-07,4.67879e-07
826,5.2954e-06,7.39709e-07,4.68523e-07
827,5.29988e-06,7.40024e-07,4.67956e-07
828,5.30435e-06,7.40338e-07,4.68599e-07
829,5.31001e-06,7.39445e-07,4.68034e-07
830,5.31446e-06,7.39759e-07,4.6747e-07
831,5.31889e-06,7.40072e-07,4.68111e-07
832,5.32332e-06,7.39183e-07,4.67548e-07
833,5.32893e-06,7.39496e-07,4.68187e-07
834,5.33333e-06,7.39808e-07,4.67626e-07
835,5.33772e-06,7.38922e-07,4.68263e-07
836,5.34211e-06,7.39234e-07,4.67703e-07
837,5.34767e-06,7.38351e-07,4.67145e-07
838,5.35203e-06,7.38663e-07,4.6778e-07
839,5.35638e-06,7.38975e-07,4.67223e-07
840,5.3619e-06,7.38095e-07,4.67857e-07
841,5.36623e-06,7.38407e-07,4.67301e-07
842,5.37055e-06,7.38717e-07,4.67933e-07
843,5.37604e-06,7.37841e-07,4.67378e-07
844,5.38033e-06,7.38152e-07,4.66825e-07
845,5.38462e-06,7.38462e-07,4.67456e-07
846,5.39007e-06,7.37589e-07,4.66903e-07
847,5.39433e-06,7.37898e-07,4.67532e-07
848,5.39976e-06,7.38208e-07,4.66981e-07
849,5.404e-06,7.37338e-07,4.67609e-07
850,5.40824e-06,7.37647e-07,4.67059e-07
851,5.41363e-06,7.3678e-07,4.6651e-07
852,5.41784e-06,7.37089e-07,4.67136e-07
853,5.42321e-06,7.37397e-07,4.66589e-07
854,5.4274e-06,7.36534e-07,4.67213e-07
855,5.43275e-06,7.36842e-07,4.66667e-07
856,5.43692e-06,7.3715e-07,4.6729e-07
857,5.44224e-06,7.36289e-07,4.66744e-07
858,5.44639e-06,7.36597e-07,4.67366e-07
859,5.45169e-06,7.36903e-07,4.66822e-07
860,5.45581e-06,7.36047e-07,4.66279e-07
861,5.46109e-06,7.36353e-07,4.66899e-07
862,5.4652e-06,7.36659e-07,4.66357e-07
863,5.47045e-06,7.35805e-07,4.66976e-07
864,5.47454e-06,7.36111e-07,4.66435e-07
865,5.47977e-06,7.36416e-07,4.67052e-07
866,5.48499e-06,7.35566e-07,4.66513e-07
867,5.48904e-06,7.35871e-07,4.65975e-07
868,5.49424e-06,7.36175e-07,4.6659e-07
869,5.49827e-06,7.35328e-07,4.66053e-07
870,5.50345e-06,7.35632e-07,4.66667e-07
871,5.50861e-06,7.35936e-07,4.66131e-07
872,5.51261e-06,7.35092e-07,4.66743e-07
873,5.51775e-06,7.35395e-07,4.66208e-07
874,5.52288e-06,7.35698e-07,4.65675e-07
875,5.52686e-06,7.34857e-07,4.66286e-07
876,5.53196e-06,7.3516e-07,4.65753e-07
877,5.53706e-06,7.35462e-07,4.66363e-07
878,5.54214e-06,7.34624e-07,4.65831e-07
879,5.54608e-06,7.34926e-07,4.66439e-07
880,5.55114e-06,7.35227e-07,4.65909e-07
881,5.55619e-06,7.34393e-07,4.6538e-07
882,5.56122e-06,7.34694e-07,4.65986e-07
883,5.56512e-06,7.33862e-07,4.65459e-07
884,5.57014e-06,7.34163e-07,4.66063e-07
885,5.57514e-06,7.34463e-07,4.65537e-07
886,5.58014e-06,7.33634e-07,4.6614e-07
887,5.58512e-06,7.33935e-07,4.65614e-07
888,5.58896e-06,7.34234e-07,4.6509e-07
889,5.59393e-06,7.33408e-07,4.65692e-07
890,5.59888e-06,7.33708e-07,4.65169e-07
891,5.60382e-06,7.34007e-07,4.65769e-07
892,5.60874e-06,7.34305e-07,4.65247e-07
893,5.61366e-06,7.33483e-07,4.65845e-07
894,5.61857e-06,7.33781e-07,4.65324e-07
895,5.62346e-06,7.34078e-07,4.64804e-07
896,5.62723e-06,7.33259e-07,4.65402e-07
897,5.63211e-06,7.33556e-07,4.64883e-07
898,5.63697e-06,7.33853e-07,4.65479e-07
899,5.64182e-06,7.33037e-07,4.64961e-07
900,5.64667e-06,7.33333e-07,4.65556e-07
901,5.6515e-06,7.33629e-07,4.65039e-07
902,5.65632e-06,7.32816e-07,4.64523e-07
903,5.66113e-06,7.33112e-07,4.65116e-07
904,5.66593e-06,7.33407e-07,4.64602e-07
905,5.67072e-06,7.32597e-07,4.65193e-07
906,5.6755e-06,7.32892e-07,4.6468e-07
907,5.68026e-06,7.33186e-07,4.6527e-07
908,5.68502e-06,7.32379e-07,4.64758e-07
909,5.68977e-06,7.32673e-07,4.64246e-07
910,5.6956e-06,7.32967e-07,4.64835e-07
911,5.70033e-06,7.32162e-07,4.64325e-07
912,5.70504e-06,7.32456e-07,4.64912e-07
913,5.70975e-06,7.32749e-07,4.64403e-07
914,5.71444e-06,7.31947e-07,4.64989e-07
915,5.71913e-06,7.3224e-07,4.64481e-07
916,5.7238e-06,7.32533e-07,4.65066e-07
917,5.72846e-06,7.31734e-07,4.64558e-07
918,5.73312e-06,7.32026e-07,4.64052e-07
919,5.73885e-06,7.32318e-07,4.64635e-07
920,5.74348e-06,7.31522e-07,4.6413e-07
921,5.7481e-06,7.31813e-07,4.64712e-07
922,5.75271e-06,7.3102e-07,4.64208e-07
923,5.75731e-06,7.31311e-07,4.64789e-07
924,5.76299e-06,7.31602e-07,4.64286e-07
925,5.76757e-06,7.30811e-07,4.63784e-07
926,5.77214e-06,7.31102e-07,4.64363e-07
927,5.7767e-06,7.31392e-07,4.63862e-07
928,5.78233e-06,7.30603e-07,4.6444e-07
929,5.78687e-06,7.30893e-07,4.6394e-07
930,5.7914e-06,7.31183e-07,4.64516e-07
931,5.79592e-06,7.31472e-07,4.64017e-07
932,5.8015e-06,7.30687e-07,4.63519e-07
933,5.806e-06,7.30975e-07,4.64094e-07
934,5.81049e-06,7.31263e-07,4.63597e-07
935,5.81604e-06,7.30481e-07,4.64171e-07
936,5.82051e-06,7.30769e-07,4.63675e-07
937,5.82497e-06,7.29989e-07,4.64248e-07
938,5.83049e-06,7.30277e-07,4.63753e-07
939,5.83493e-06,7.30564e-07,4.64324e-07
940,5.84043e-06,7.29787e-07,4.6383e-07
941,5.84485e-06,7.30074e-07,4.63337e-07
942,5.84926e-06,7.30361e-07,4.63907e-07
943,5.85472e-06,7.29586e-07,4.63415e-07
944,5.85911e-06,7.29873e-07,4.63983e-07
945,5.86455e-06,7.30159e-07,4.63492e-07
946,5.86892e-06,7.29387e-07,4.64059e-07
947,5.87434e-06,7.29673e-07,4.63569e-07
948,5.87869e-06,7.29958e-07,4.6308e-07
949,5.88409e-06,7.29189e-07,4.63646e-07
950,5.88842e-06,7.29474e-07,4.63158e-07
951,5.8938e-06,7.29758e-07,4.63722e-07
952,5.89811e-06,7.28992e-07,4.63235e-07
953,5.90241e-06,7.29276e-07,4.63799e-07
954,5.90671e-06,7.2956e-07,4.63312e-07
955,5.91204e-06,7.28796e-07,4.62827e-07
956,5.91632e-06,7.29079e-07,4.63389e-07
957,5.92163e-06,7.29363e-07,4.62905e-07
958,5.92693e-06,7.28601e-07,4.63466e-07
959,5.93118e-06,7.28884e-07,4.62982e-07
960,5.93646e-06,7.29167e-07,4.63542e-07
961,5.94069e-06,7.28408e-07,4.63059e-07
962,5.94595e-06,7.2869e-07,4.62578e-07
963,5.95119e-06,7.28972e-07,4.63136e-07
964,5.95539e-06,7.28216e-07,4.62656e-07
965,5.96062e-06,7.28497e-07,4.63212e-07
966,5.96584e-06,7.28778e-07,4.62733e-07
967,5.97001e-06,7.28025e-07,4.63289e-07
968,5.97521e-06,7.28306e-07,4.6281e-07
969,5.98039e-06,7.27554e-07,4.63364e-07
970,5.98557e-06,7.27835e-07,4.62887e-07
971,5.9897e-06,7.28115e-07,4.6241e-07
972,5.99486e-06,7.27366e-07,4.62963e-07
973,6e-06,7.27646e-07,4.62487e-07
974,6.00411e-06,7.27926e-07,4.63039e-07
975,6.00923e-06,7.31282e-07,4.62564e-07
976,6.01434e-06,7.31557e-07,4.63115e-07
977,6.01945e-06,7.30809e-07,4.62641e-07
978,6.02454e-06,7.31084e-07,4.62168e-07
979,6.0286e-06,7.31359e-07,4.62717e-07
980,6.03367e-06,7.30612e-07,4.62245e-07
981,6.03874e-06,7.30887e-07,4.62793e-07
982,6.04379e-06,7.31161e-07,4.62322e-07
983,6.04883e-06,7.30417e-07,4.62869e-07
984,6.05386e-06,7.30691e-07,4.62398e-07
985,6.05787e-06,7.30964e-07,4.61929e-07
986,6.06288e-06,7.30223e-07,4.62475e-07
987,6.06788e-06,7.30496e-07,4.62006e-07
988,6.07287e-06,7.30769e-07,4.62551e-07
989,6.07786e-06,7.3003e-07,4.62083e-07
990,6.08283e-06,7.30303e-07,4.62626e-07
991,6.08779e-06,7.30575e-07,4.62159e-07
992,6.09274e-06,7.29839e-07,4.62702e-07
993,6.09768e-06,7.30111e-07,4.62236e-07
994,6.10563e-06,7.30382e-07,4.61771e-07
995,6.11055e-06,7.30653e-07,4.62312e-07
996,6.11546e-06,7.2992e-07,4.61847e-07
997,6.12036e-06,7.30191e-07,4.62387e-07
998,6.12525e-06,7.29459e-07,4.61924e-07
999,6.13013e-06,7.2973e-07,4.62462e-07
1000,6.135e-06,7.3e-07,4.62e-07
>>>>>>> 99c787f776abd45787cd397866ec826e8a9a8f69
